frame,joint_id,joint_name,x,y,z
0,0,Pelvis,0.0,0.0,0.0
0,1,Spine,-0.0017426261911168694,-0.1916790008544922,-0.04894447326660156
0,2,Thorax,0.059451956301927567,-0.4510471522808075,-0.029358509927988052
0,3,Head,0.06288479268550873,-0.7556718587875366,-0.24924099445343018
0,4,LShoulder,-0.06634536385536194,-0.4359661936759949,-0.14915788173675537
0,5,LElbow,-0.22690223157405853,-0.21397021412849426,-0.10827498137950897
0,6,LWrist,-0.19000786542892456,-0.05601565167307854,-0.07783068716526031
0,7,RShoulder,0.1500953882932663,-0.4230000972747803,-0.22826436161994934
0,8,RElbow,0.2383805811405182,-0.20314866304397583,-0.2302412986755371
0,9,RWrist,0.15404346585273743,0.0006738025695085526,-0.2077145278453827
0,10,LHip,-0.05441399663686752,0.0003640269860625267,-0.0542348250746727
0,11,LKnee,0.030157919973134995,0.31692180037498474,0.043015435338020325
0,12,LAnkle,0.03675948455929756,0.8058226108551025,-0.011991873383522034
0,13,RHip,0.04027760401368141,0.05526551604270935,0.04329339787364006
0,14,RKnee,0.07035422325134277,0.39385178685188293,0.1775463968515396
0,15,RAnkle,0.04665262997150421,0.7460343837738037,0.27036112546920776
1,0,Pelvis,0.0,0.0,0.0
1,1,Spine,0.008885575458407402,-0.2049083411693573,-0.04997015371918678
1,2,Thorax,0.052595071494579315,-0.48365265130996704,-0.02612418681383133
1,3,Head,0.05268753319978714,-0.7526061534881592,-0.22805222868919373
1,4,LShoulder,-0.08138688653707504,-0.47308349609375,-0.15538761019706726
1,5,LElbow,-0.25180262327194214,-0.24542798101902008,-0.07455646246671677
1,6,LWrist,-0.17314714193344116,-0.07823370397090912,-0.09006933867931366
1,7,RShoulder,0.16884008049964905,-0.46753042936325073,-0.2193576991558075
1,8,RElbow,0.22944757342338562,-0.2385578453540802,-0.22773602604866028
1,9,RWrist,-0.017628267407417297,-0.0482928529381752,-0.09013468027114868
1,10,LHip,-0.08707733452320099,0.028377633541822433,-0.05858250707387924
1,11,LKnee,0.021841716021299362,0.31882748007774353,0.07482588291168213
1,12,LAnkle,0.021088695153594017,0.771222710609436,0.02743777632713318
1,13,RHip,0.05586225539445877,0.03903413191437721,0.059078700840473175
1,14,RKnee,0.05489234998822212,0.37392711639404297,0.23305675387382507
1,15,RAnkle,0.035593852400779724,0.7373113632202148,0.3268812894821167
2,0,Pelvis,0.0,0.0,0.0
2,1,Spine,0.01240977831184864,-0.21250274777412415,-0.052417755126953125
2,2,Thorax,0.040553510189056396,-0.5089225769042969,-0.020250648260116577
2,3,Head,0.04013623297214508,-0.7913098335266113,-0.22933724522590637
2,4,LShoulder,-0.10479287058115005,-0.5021869540214539,-0.16640840470790863
2,5,LElbow,-0.27931392192840576,-0.26507359743118286,-0.07677288353443146
2,6,LWrist,-0.1918778270483017,-0.08160761743783951,-0.09477529674768448
2,7,RShoulder,0.1900739222764969,-0.49306076765060425,-0.20027178525924683
2,8,RElbow,0.22679708898067474,-0.2467394769191742,-0.2183806300163269
2,9,RWrist,0.018943317234516144,-0.053884975612163544,-0.027974259108304977
2,10,LHip,-0.12944401800632477,0.058363176882267,-0.0040063634514808655
2,11,LKnee,-0.010220578871667385,0.3418869972229004,0.09500667452812195
2,12,LAnkle,-0.014205306768417358,0.7657026648521423,0.06908056139945984
2,13,RHip,0.07462916523218155,0.026840172708034515,0.06968504190444946
2,14,RKnee,0.0770978331565857,0.3583432137966156,0.27918004989624023
2,15,RAnkle,0.026779655367136,0.7309917211532593,0.355544775724411
3,0,Pelvis,0.0,0.0,0.0
3,1,Spine,0.01271206233650446,-0.21100369095802307,-0.0542762316763401
3,2,Thorax,0.040792129933834076,-0.5110952258110046,-0.01989050582051277
3,3,Head,0.036582525819540024,-0.8167577981948853,-0.2404899299144745
3,4,LShoulder,-0.11215934157371521,-0.5076521635055542,-0.1769513487815857
3,5,LElbow,-0.2927626371383667,-0.2705742418766022,-0.12839138507843018
3,6,LWrist,-0.2197679877281189,-0.07558292150497437,-0.08887220174074173
3,7,RShoulder,0.19548708200454712,-0.49353963136672974,-0.2020605057477951
3,8,RElbow,0.22494758665561676,-0.2275136113166809,-0.21020464599132538
3,9,RWrist,0.1619550585746765,-0.026656948029994965,-0.1442321389913559
3,10,LHip,-0.12711331248283386,0.05702698603272438,-0.006067745387554169
3,11,LKnee,-0.02008240669965744,0.33141690492630005,0.09699101746082306
3,12,LAnkle,-0.022201450541615486,0.7834945917129517,0.057913005352020264
3,13,RHip,0.07209194451570511,0.03071039542555809,0.07434436678886414
3,14,RKnee,0.08437973260879517,0.3498237729072571,0.2958430051803589
3,15,RAnkle,0.027440054342150688,0.7170436978340149,0.37404635548591614
4,0,Pelvis,0.0,0.0,0.0
4,1,Spine,0.028012633323669434,-0.20928631722927094,-0.05577150359749794
4,2,Thorax,0.03755349665880203,-0.5319559574127197,-0.03807783126831055
4,3,Head,0.0363641157746315,-0.8027425408363342,-0.24082180857658386
4,4,LShoulder,-0.11938771605491638,-0.4999091625213623,-0.18131311237812042
4,5,LElbow,-0.2885643243789673,-0.2712936997413635,-0.1423588991165161
4,6,LWrist,-0.2335328906774521,-0.06784989684820175,-0.08979783952236176
4,7,RShoulder,0.2039172649383545,-0.49227190017700195,-0.20312657952308655
4,8,RElbow,0.23762118816375732,-0.20918014645576477,-0.19974800944328308
4,9,RWrist,0.21595630049705505,-0.016257621347904205,-0.10915686190128326
4,10,LHip,-0.1133028045296669,0.04889039695262909,-0.03346908465027809
4,11,LKnee,-0.030006011947989464,0.333850622177124,0.09772007167339325
4,12,LAnkle,-0.013442558236420155,0.7679625153541565,0.051325395703315735
4,13,RHip,0.05758918076753616,0.03420213237404823,0.08744973689317703
4,14,RKnee,0.0830492228269577,0.34577539563179016,0.30438679456710815
4,15,RAnkle,0.036172110587358475,0.712871789932251,0.3740074634552002
5,0,Pelvis,0.0,0.0,0.0
5,1,Spine,0.04938585311174393,-0.20246121287345886,-0.05907769873738289
5,2,Thorax,0.016892369836568832,-0.5351629257202148,-0.0754360482096672
5,3,Head,0.03530799597501755,-0.7635971903800964,-0.2678478956222534
5,4,LShoulder,-0.11877766996622086,-0.4697043299674988,-0.1836758255958557
5,5,LElbow,-0.2372799664735794,-0.24673008918762207,-0.15250557661056519
5,6,LWrist,-0.23352372646331787,-0.030608441680669785,-0.11643299460411072
5,7,RShoulder,0.20213653147220612,-0.45640379190444946,-0.2093663364648819
5,8,RElbow,0.24430561065673828,-0.13935720920562744,-0.1738543063402176
5,9,RWrist,0.22620731592178345,0.018768617883324623,-0.05333810672163963
5,10,LHip,-0.08961256593465805,0.014888144098222256,-0.07197488844394684
5,11,LKnee,-0.04122285172343254,0.341092586517334,0.07154037058353424
5,12,LAnkle,-0.015242462046444416,0.7818349599838257,0.04637333005666733
5,13,RHip,0.047102607786655426,0.0435011051595211,0.095396488904953
5,14,RKnee,0.07750272750854492,0.3621881604194641,0.2797396183013916
5,15,RAnkle,0.007369041442871094,0.7280490398406982,0.3018489480018616
6,0,Pelvis,0.0,0.0,0.0
6,1,Spine,0.044388867914676666,-0.19586290419101715,-0.06343596428632736
6,2,Thorax,0.0005806564586237073,-0.5234588384628296,-0.08260402083396912
6,3,Head,0.016345150768756866,-0.7296566367149353,-0.2769659757614136
6,4,LShoulder,-0.11007746309041977,-0.4550923705101013,-0.18108351528644562
6,5,LElbow,-0.199010968208313,-0.23456928133964539,-0.16489601135253906
6,6,LWrist,-0.24062395095825195,-0.012942587025463581,-0.14484210312366486
6,7,RShoulder,0.15764978528022766,-0.4300430119037628,-0.20480628311634064
6,8,RElbow,0.22484660148620605,-0.14985686540603638,-0.17956101894378662
6,9,RWrist,0.21963459253311157,0.04889295622706413,-0.06553345173597336
6,10,LHip,-0.0799563080072403,-0.0019171377643942833,-0.07009927183389664
6,11,LKnee,-0.05115226283669472,0.35733655095100403,0.032159335911273956
6,12,LAnkle,-0.022427862510085106,0.8189153671264648,-0.004366770386695862
6,13,RHip,0.04941248148679733,0.04656639322638512,0.08911309391260147
6,14,RKnee,0.06362544000148773,0.3778606653213501,0.23722505569458008
6,15,RAnkle,-0.05326355621218681,0.7488218545913696,0.21900241076946259
7,0,Pelvis,0.0,0.0,0.0
7,1,Spine,0.052156463265419006,-0.18653404712677002,-0.06204428896307945
7,2,Thorax,-0.02443986013531685,-0.4985874891281128,-0.07635289430618286
7,3,Head,-0.017987240105867386,-0.6796455383300781,-0.2688778042793274
7,4,LShoulder,-0.14459413290023804,-0.42418766021728516,-0.18411415815353394
7,5,LElbow,-0.20346179604530334,-0.2235693335533142,-0.1708761751651764
7,6,LWrist,-0.23261287808418274,-0.0017727427184581757,-0.15168185532093048
7,7,RShoulder,0.1877654492855072,-0.4192267060279846,-0.198118194937706
7,8,RElbow,0.23394426703453064,-0.1347743719816208,-0.16372936964035034
7,9,RWrist,0.22230783104896545,0.08301739394664764,-0.07828113436698914
7,10,LHip,-0.09211690723896027,0.0003594355657696724,-0.07064847648143768
7,11,LKnee,-0.07433381676673889,0.3760557174682617,0.015158772468566895
7,12,LAnkle,-0.030852701514959335,0.8349453210830688,-0.02437324821949005
7,13,RHip,0.05758969858288765,0.048849042505025864,0.09726284444332123
7,14,RKnee,0.05914533883333206,0.38789910078048706,0.22090446949005127
7,15,RAnkle,-0.05029387027025223,0.7597748041152954,0.20251530408859253
8,0,Pelvis,0.0,0.0,0.0
8,1,Spine,0.06745129823684692,-0.185746967792511,-0.06800971180200577
8,2,Thorax,-0.04187002778053284,-0.48023873567581177,-0.07264789938926697
8,3,Head,-0.0368148535490036,-0.663748562335968,-0.2650434374809265
8,4,LShoulder,-0.18195652961730957,-0.4142173230648041,-0.20147645473480225
8,5,LElbow,-0.21889394521713257,-0.24714472889900208,-0.18207207322120667
8,6,LWrist,-0.24749010801315308,-0.005246318876743317,-0.15319295227527618
8,7,RShoulder,0.2153119146823883,-0.42169275879859924,-0.20699381828308105
8,8,RElbow,0.250151664018631,-0.12745003402233124,-0.16714397072792053
8,9,RWrist,0.2211492955684662,0.08902056515216827,-0.08194813877344131
8,10,LHip,-0.11383023858070374,-0.0006963079795241356,-0.07426098734140396
8,11,LKnee,-0.1002558022737503,0.38279110193252563,0.012647926807403564
8,12,LAnkle,-0.03198472037911415,0.8320728540420532,-0.02850370854139328
8,13,RHip,0.06656168401241302,0.039939261972904205,0.11087793111801147
8,14,RKnee,0.06560090184211731,0.39587587118148804,0.21516111493110657
8,15,RAnkle,-0.036252133548259735,0.7863717079162598,0.20523160696029663
9,0,Pelvis,0.0,0.0,0.0
9,1,Spine,0.06431557983160019,-0.20327478647232056,-0.05858210474252701
9,2,Thorax,-0.03839346393942833,-0.5031042695045471,-0.050962917506694794
9,3,Head,-0.04152309149503708,-0.7115779519081116,-0.22043780982494354
9,4,LShoulder,-0.17447206377983093,-0.45656582713127136,-0.19545570015907288
9,5,LElbow,-0.19494938850402832,-0.34689533710479736,-0.21921810507774353
9,6,LWrist,-0.2740423083305359,-0.031758006662130356,-0.1609482616186142
9,7,RShoulder,0.215755894780159,-0.4660484492778778,-0.19847582280635834
9,8,RElbow,0.26202234625816345,-0.20657025277614594,-0.18551354110240936
9,9,RWrist,0.22840160131454468,0.026618650183081627,-0.11308553814888
9,10,LHip,-0.11974769830703735,0.014123565517365932,-0.07219208776950836
9,11,LKnee,-0.11053729057312012,0.36771199107170105,0.036276064813137054
9,12,LAnkle,-0.02054300159215927,0.8294026851654053,-0.01680244505405426
9,13,RHip,0.06741341948509216,0.0361173115670681,0.11579205095767975
9,14,RKnee,0.07538960874080658,0.37826499342918396,0.24668467044830322
9,15,RAnkle,-0.008828669786453247,0.7707562446594238,0.22455981373786926
10,0,Pelvis,0.0,0.0,0.0
10,1,Spine,0.06981854140758514,-0.20027753710746765,-0.055295173078775406
10,2,Thorax,-0.050835296511650085,-0.4837099313735962,-0.0466039702296257
10,3,Head,-0.0539136603474617,-0.722081184387207,-0.22968702018260956
10,4,LShoulder,-0.19606256484985352,-0.43817830085754395,-0.19512075185775757
10,5,LElbow,-0.2516823709011078,-0.30459707975387573,-0.20412877202033997
10,6,LWrist,-0.31287920475006104,0.03399211913347244,-0.1519077718257904
10,7,RShoulder,0.2125486433506012,-0.45911094546318054,-0.19763946533203125
10,8,RElbow,0.27261435985565186,-0.20734120905399323,-0.1881403774023056
10,9,RWrist,0.2234904170036316,0.026123348623514175,-0.11456267535686493
10,10,LHip,-0.13188493251800537,0.02376706339418888,-0.06148407608270645
10,11,LKnee,-0.11589851975440979,0.397686243057251,0.03182351961731911
10,12,LAnkle,-0.02162281796336174,0.8598912954330444,-0.02369871735572815
10,13,RHip,0.08382592350244522,0.04112568125128746,0.12572351098060608
10,14,RKnee,0.07157646119594574,0.4031127691268921,0.23742061853408813
10,15,RAnkle,-0.008977905847132206,0.7964566946029663,0.22800670564174652
11,0,Pelvis,0.0,0.0,0.0
11,1,Spine,0.07185301929712296,-0.21081960201263428,-0.058854956179857254
11,2,Thorax,-0.031097223982214928,-0.5032361745834351,-0.05570422112941742
11,3,Head,-0.06326661258935928,-0.806282639503479,-0.269214928150177
11,4,LShoulder,-0.18082588911056519,-0.466836541891098,-0.20672371983528137
11,5,LElbow,-0.3031042814254761,-0.23655922710895538,-0.15873201191425323
11,6,LWrist,-0.36220985651016235,0.04165500029921532,-0.17356590926647186
11,7,RShoulder,0.2168656885623932,-0.47777360677719116,-0.2147340029478073
11,8,RElbow,0.3044692873954773,-0.2558715343475342,-0.2290034294128418
11,9,RWrist,0.19602374732494354,-0.01905898004770279,-0.11912218481302261
11,10,LHip,-0.14780130982398987,0.007865097373723984,-0.05781020596623421
11,11,LKnee,-0.09039366990327835,0.4153570234775543,-0.009585540741682053
11,12,LAnkle,-0.044434886425733566,0.9020333886146545,-0.04244449734687805
11,13,RHip,0.11420617997646332,0.047299083322286606,0.09690824151039124
11,14,RKnee,0.0761236846446991,0.40912070870399475,0.231141597032547
11,15,RAnkle,-0.040673527866601944,0.7940312623977661,0.26728540658950806
12,0,Pelvis,0.0,0.0,0.0
12,1,Spine,0.06352648138999939,-0.2121492326259613,-0.06257333606481552
12,2,Thorax,-0.02655673213303089,-0.5107429027557373,-0.060905665159225464
12,3,Head,-0.05605566129088402,-0.8214926719665527,-0.28329941630363464
12,4,LShoulder,-0.16718655824661255,-0.4758077561855316,-0.2284538894891739
12,5,LElbow,-0.2846110463142395,-0.21465712785720825,-0.17222604155540466
12,6,LWrist,-0.37439560890197754,0.053000930696725845,-0.18569229543209076
12,7,RShoulder,0.21071583032608032,-0.48164886236190796,-0.2157130092382431
12,8,RElbow,0.3138256072998047,-0.23590844869613647,-0.21543222665786743
12,9,RWrist,0.20516538619995117,-0.0018674461171030998,-0.1029425710439682
12,10,LHip,-0.15193749964237213,0.022911205887794495,-0.059369392693042755
12,11,LKnee,-0.11733125150203705,0.4623241424560547,-0.02247663587331772
12,12,LAnkle,-0.04776029661297798,0.9567739367485046,-0.07861076295375824
12,13,RHip,0.11822525411844254,0.028660882264375687,0.09347763657569885
12,14,RKnee,0.06331687420606613,0.41875985264778137,0.22029724717140198
12,15,RAnkle,-0.04336566478013992,0.804662823677063,0.29174742102622986
13,0,Pelvis,0.0,0.0,0.0
13,1,Spine,0.07381734997034073,-0.20728947222232819,-0.06787997484207153
13,2,Thorax,-0.04199811443686485,-0.5200750827789307,-0.07707563042640686
13,3,Head,-0.08726316690444946,-0.8028300404548645,-0.3026108145713806
13,4,LShoulder,-0.17727476358413696,-0.46516847610473633,-0.2530406713485718
13,5,LElbow,-0.2867776155471802,-0.2252749502658844,-0.20368154346942902
13,6,LWrist,-0.37601086497306824,0.05827942490577698,-0.20209136605262756
13,7,RShoulder,0.2161787748336792,-0.47064849734306335,-0.2224719226360321
13,8,RElbow,0.310547411441803,-0.20653261244297028,-0.20816682279109955
13,9,RWrist,0.19489699602127075,0.011067505925893784,-0.09065142273902893
13,10,LHip,-0.1532789170742035,0.03621533140540123,-0.06079081818461418
13,11,LKnee,-0.14131678640842438,0.47887903451919556,-0.03862509876489639
13,12,LAnkle,-0.053548648953437805,1.0055346488952637,-0.12426018714904785
13,13,RHip,0.1094127744436264,0.012328212149441242,0.09590378403663635
13,14,RKnee,0.04420611262321472,0.4153602719306946,0.21163111925125122
13,15,RAnkle,-0.0638279914855957,0.815312385559082,0.277873694896698
14,0,Pelvis,0.0,0.0,0.0
14,1,Spine,0.0982663556933403,-0.19337198138237,-0.07216977328062057
14,2,Thorax,-0.01870880089700222,-0.4609687328338623,-0.07000252604484558
14,3,Head,-0.11063021421432495,-0.8062459826469421,-0.32914355397224426
14,4,LShoulder,-0.10528215020895004,-0.4622882306575775,-0.28658327460289
14,5,LElbow,-0.014486253261566162,-0.24479976296424866,-0.28625261783599854
14,6,LWrist,-0.16636145114898682,0.01798156462609768,-0.2746727466583252
14,7,RShoulder,0.2115660309791565,-0.4508621096611023,-0.2365509569644928
14,8,RElbow,0.30074790120124817,-0.20080770552158356,-0.23574446141719818
14,9,RWrist,0.18695971369743347,0.01672181859612465,-0.07467401027679443
14,10,LHip,-0.1514841914176941,0.03628798946738243,-0.06708212941884995
14,11,LKnee,-0.10306946933269501,0.47152674198150635,-0.0656718984246254
14,12,LAnkle,-0.053025100380182266,1.0229841470718384,-0.1417667418718338
14,13,RHip,0.10038010030984879,0.007351965177804232,0.09798670560121536
14,14,RKnee,0.029462100937962532,0.40680640935897827,0.21088877320289612
14,15,RAnkle,-0.09351354837417603,0.8114056587219238,0.26401036977767944
15,0,Pelvis,0.0,0.0,0.0
15,1,Spine,0.12224085628986359,-0.19624419510364532,-0.0667608231306076
15,2,Thorax,-0.014139233157038689,-0.48470333218574524,-0.07602380961179733
15,3,Head,-0.10643406957387924,-0.788179337978363,-0.3144994378089905
15,4,LShoulder,-0.07390452176332474,-0.4487927556037903,-0.2751087546348572
15,5,LElbow,-0.17728403210639954,-0.17888307571411133,-0.2608014941215515
15,6,LWrist,-0.293578565120697,0.08962395042181015,-0.2291269302368164
15,7,RShoulder,0.22958695888519287,-0.4397493004798889,-0.21645939350128174
15,8,RElbow,0.3164110779762268,-0.1818818897008896,-0.20328333973884583
15,9,RWrist,0.1969241052865982,0.032011453062295914,-0.08875453472137451
15,10,LHip,-0.1604241132736206,0.04333920031785965,-0.0554649755358696
15,11,LKnee,-0.10917410999536514,0.4793682098388672,-0.03871282935142517
15,12,LAnkle,-0.0482608787715435,0.9606189727783203,-0.09671579301357269
15,13,RHip,0.10549929738044739,0.0035220813006162643,0.0989367812871933
15,14,RKnee,0.032437097281217575,0.4089306592941284,0.20586729049682617
15,15,RAnkle,-0.09389901161193848,0.8140921592712402,0.2772153615951538
16,0,Pelvis,0.0,0.0,0.0
16,1,Spine,0.08739215135574341,-0.21332710981369019,-0.06361589580774307
16,2,Thorax,-0.03615394979715347,-0.5015888214111328,-0.07037460803985596
16,3,Head,-0.11343412846326828,-0.8485143780708313,-0.33181291818618774
16,4,LShoulder,-0.12248019129037857,-0.47986429929733276,-0.2722063958644867
16,5,LElbow,-0.28376683592796326,-0.1668706238269806,-0.18472246825695038
16,6,LWrist,-0.36936360597610474,0.07918140292167664,-0.16812686622142792
16,7,RShoulder,0.22253310680389404,-0.4829848110675812,-0.23105686902999878
16,8,RElbow,0.3362448513507843,-0.20985794067382812,-0.2026907205581665
16,9,RWrist,0.2161465883255005,0.011751316487789154,-0.07682093977928162
16,10,LHip,-0.16212332248687744,0.03502679988741875,-0.05671890825033188
16,11,LKnee,-0.15173746645450592,0.5103215575218201,-0.036774892359972
16,12,LAnkle,-0.06228228285908699,1.059450387954712,-0.11467331647872925
16,13,RHip,0.11816533654928207,0.0073943897150456905,0.09136445075273514
16,14,RKnee,0.055017732083797455,0.4237581491470337,0.2029421627521515
16,15,RAnkle,-0.05683952569961548,0.822395920753479,0.31560635566711426
17,0,Pelvis,0.0,0.0,0.0
17,1,Spine,0.07954292744398117,-0.21653082966804504,-0.06645945459604263
17,2,Thorax,-0.06288883090019226,-0.46907109022140503,-0.05680089071393013
17,3,Head,-0.11016201227903366,-0.8430160284042358,-0.32661014795303345
17,4,LShoulder,-0.10029405355453491,-0.47984573245048523,-0.28268495202064514
17,5,LElbow,-0.06896916031837463,-0.21849119663238525,-0.2806553244590759
17,6,LWrist,-0.26399466395378113,0.04482243210077286,-0.27704769372940063
17,7,RShoulder,0.1817150115966797,-0.5023979544639587,-0.22952386736869812
17,8,RElbow,0.3180503845214844,-0.25352346897125244,-0.2076636403799057
17,9,RWrist,0.2007025182247162,0.026262789964675903,-0.0795275941491127
17,10,LHip,-0.16062936186790466,0.030473321676254272,-0.06221448630094528
17,11,LKnee,-0.11384665966033936,0.4706656336784363,-0.031001269817352295
17,12,LAnkle,-0.08932970464229584,0.9617388248443604,-0.06836774945259094
17,13,RHip,0.10853084176778793,0.01251465268433094,0.09304796159267426
17,14,RKnee,0.04460486024618149,0.4134448170661926,0.2085438370704651
17,15,RAnkle,-0.059861812740564346,0.8273581862449646,0.2982642650604248
18,0,Pelvis,0.0,0.0,0.0
18,1,Spine,0.06862488389015198,-0.2273446023464203,-0.06753037869930267
18,2,Thorax,-0.041821956634521484,-0.5135821104049683,-0.07306204736232758
18,3,Head,-0.07373199611902237,-0.8849877119064331,-0.33034804463386536
18,4,LShoulder,-0.12462585419416428,-0.5085553526878357,-0.2990943193435669
18,5,LElbow,-0.20313793420791626,-0.18210512399673462,-0.26062819361686707
18,6,LWrist,-0.3315270245075226,0.055190566927194595,-0.22280974686145782
18,7,RShoulder,0.1926773637533188,-0.5295432209968567,-0.23489883542060852
18,8,RElbow,0.3491023778915405,-0.2651600241661072,-0.1926046907901764
18,9,RWrist,0.2526273727416992,0.016548583284020424,-0.09225071966648102
18,10,LHip,-0.13566136360168457,0.031131885945796967,-0.06499781459569931
18,11,LKnee,-0.10055582225322723,0.4798717796802521,-0.02395179122686386
18,12,LAnkle,-0.07039056718349457,1.032853126525879,-0.07498735189437866
18,13,RHip,0.08407002687454224,0.015362626872956753,0.13539479672908783
18,14,RKnee,0.06454819440841675,0.4380844533443451,0.1991533786058426
18,15,RAnkle,-0.027686210349202156,0.8845471143722534,0.2281394749879837
19,0,Pelvis,0.0,0.0,0.0
19,1,Spine,0.03650934249162674,-0.23706457018852234,-0.06636092066764832
19,2,Thorax,-0.024589581415057182,-0.5793324708938599,-0.08589810132980347
19,3,Head,-0.045811425894498825,-0.9571185111999512,-0.3353264331817627
19,4,LShoulder,-0.1632992923259735,-0.5493305921554565,-0.27691394090652466
19,5,LElbow,-0.2620483636856079,-0.1813233494758606,-0.2076241821050644
19,6,LWrist,-0.3535713255405426,0.05135328322649002,-0.20801040530204773
19,7,RShoulder,0.20147308707237244,-0.5723375082015991,-0.238270103931427
19,8,RElbow,0.3530387282371521,-0.31056344509124756,-0.18956533074378967
19,9,RWrist,0.3003576099872589,-0.02471362054347992,-0.05765336751937866
19,10,LHip,-0.12216497212648392,0.04103514552116394,-0.06061067059636116
19,11,LKnee,-0.11934948712587357,0.45877721905708313,0.012029841542243958
19,12,LAnkle,-0.05726926773786545,1.0262782573699951,-0.06916723400354385
19,13,RHip,0.07315803319215775,0.020405005663633347,0.15090815722942352
19,14,RKnee,0.08529403805732727,0.4539865255355835,0.18802976608276367
19,15,RAnkle,0.01426306739449501,0.8990089893341064,0.20200717449188232
20,0,Pelvis,0.0,0.0,0.0
20,1,Spine,0.03546461462974548,-0.23371563851833344,-0.06659054756164551
20,2,Thorax,-0.01657968945801258,-0.5991367101669312,-0.09222792834043503
20,3,Head,-0.019918378442525864,-0.9385798573493958,-0.3186972439289093
20,4,LShoulder,-0.17033620178699493,-0.5426146388053894,-0.2511310577392578
20,5,LElbow,-0.2489176243543625,-0.18598774075508118,-0.1941969096660614
20,6,LWrist,-0.31062352657318115,0.06625259667634964,-0.2083967924118042
20,7,RShoulder,0.20271927118301392,-0.5647976994514465,-0.22580596804618835
20,8,RElbow,0.3615584075450897,-0.3058586120605469,-0.18631801009178162
20,9,RWrist,0.3282231092453003,-0.012799124233424664,-0.06067921966314316
20,10,LHip,-0.13459919393062592,0.05046183243393898,-0.051616303622722626
20,11,LKnee,-0.11009959131479263,0.43162697553634644,0.045054443180561066
20,12,LAnkle,-0.03223470225930214,0.9937839508056641,-0.0788370668888092
20,13,RHip,0.07729692757129669,0.017111975699663162,0.14819657802581787
20,14,RKnee,0.08997659385204315,0.43393656611442566,0.22165650129318237
20,15,RAnkle,0.028022639453411102,0.8881722688674927,0.19100965559482574
21,0,Pelvis,0.0,0.0,0.0
21,1,Spine,0.047014594078063965,-0.23799003660678864,-0.06660937517881393
21,2,Thorax,-0.007878436706960201,-0.6078957915306091,-0.0985008254647255
21,3,Head,-0.006062917411327362,-0.9506351947784424,-0.3322466313838959
21,4,LShoulder,-0.14842331409454346,-0.5400405526161194,-0.2607349753379822
21,5,LElbow,-0.09836085885763168,-0.22897696495056152,-0.2593410611152649
21,6,LWrist,-0.26615914702415466,0.055805835872888565,-0.28441500663757324
21,7,RShoulder,0.21779516339302063,-0.5730313062667847,-0.23889467120170593
21,8,RElbow,0.37145763635635376,-0.2674104869365692,-0.19014480710029602
21,9,RWrist,0.3422374725341797,0.04102906957268715,-0.06239467114210129
21,10,LHip,-0.1411525160074234,0.03138168528676033,-0.04782581701874733
21,11,LKnee,-0.09172618389129639,0.4480207562446594,0.03210635483264923
21,12,LAnkle,-0.01961659826338291,1.0269997119903564,-0.07702398300170898
21,13,RHip,0.0821264237165451,0.021556243300437927,0.14013300836086273
21,14,RKnee,0.1107189729809761,0.44973504543304443,0.21471577882766724
21,15,RAnkle,0.04099727049469948,0.9277926683425903,0.15434934198856354
22,0,Pelvis,0.0,0.0,0.0
22,1,Spine,0.05612098425626755,-0.2644726037979126,-0.060634154826402664
22,2,Thorax,-0.0033728620037436485,-0.6683086156845093,-0.09722398221492767
22,3,Head,-0.009060321375727654,-1.0179622173309326,-0.3325740098953247
22,4,LShoulder,-0.17049480974674225,-0.6020161509513855,-0.2560300827026367
22,5,LElbow,-0.237563818693161,-0.24010074138641357,-0.23767463862895966
22,6,LWrist,-0.2667897343635559,0.015577143058180809,-0.24427518248558044
22,7,RShoulder,0.21890200674533844,-0.6213865280151367,-0.23570440709590912
22,8,RElbow,0.3328515887260437,-0.23844479024410248,-0.15257412195205688
22,9,RWrist,0.32036274671554565,0.017381584271788597,-0.03140939399600029
22,10,LHip,-0.13615989685058594,0.05246787518262863,-0.040990445762872696
22,11,LKnee,-0.09610891342163086,0.46348434686660767,0.04314885288476944
22,12,LAnkle,-0.03414487838745117,1.0374507904052734,-0.06447973847389221
22,13,RHip,0.07711392641067505,0.022730648517608643,0.16989363729953766
22,14,RKnee,0.12405208498239517,0.4581465423107147,0.22216206789016724
22,15,RAnkle,0.0430683009326458,0.9580745697021484,0.16715940833091736
23,0,Pelvis,0.0,0.0,0.0
23,1,Spine,0.06854304671287537,-0.2686936557292938,-0.055918946862220764
23,2,Thorax,0.00587876234203577,-0.6778911352157593,-0.08859618008136749
23,3,Head,0.003978278487920761,-0.9933260679244995,-0.33116886019706726
23,4,LShoulder,-0.1019858866930008,-0.6325501203536987,-0.2757582664489746
23,5,LElbow,0.07015954703092575,-0.3188021779060364,-0.3232405185699463
23,6,LWrist,-0.2465558797121048,-0.0038693277165293694,-0.28972089290618896
23,7,RShoulder,0.21255245804786682,-0.661731481552124,-0.2611949145793915
23,8,RElbow,0.32754838466644287,-0.25525355339050293,-0.17633867263793945
23,9,RWrist,0.3346833884716034,0.02390783093869686,-0.06596274673938751
23,10,LHip,-0.1218201071023941,0.029613036662340164,-0.03294576704502106
23,11,LKnee,-0.07882466912269592,0.47269073128700256,0.017229922115802765
23,12,LAnkle,-0.023793557658791542,1.075968861579895,-0.05810065567493439
23,13,RHip,0.056383825838565826,0.041025809943675995,0.18060311675071716
23,14,RKnee,0.09860339760780334,0.4824863076210022,0.20437829196453094
23,15,RAnkle,0.04758822172880173,0.9818599224090576,0.16476669907569885
24,0,Pelvis,0.0,0.0,0.0
24,1,Spine,0.04031427204608917,-0.2803689241409302,-0.056173667311668396
24,2,Thorax,0.003564754966646433,-0.6977391242980957,-0.08389436453580856
24,3,Head,-0.003751523792743683,-1.0527348518371582,-0.3275558352470398
24,4,LShoulder,-0.14218731224536896,-0.6536027193069458,-0.26238685846328735
24,5,LElbow,-0.052196890115737915,-0.3633326292037964,-0.26942503452301025
24,6,LWrist,-0.33878111839294434,0.008352821692824364,-0.2064782977104187
24,7,RShoulder,0.2088828831911087,-0.6596976518630981,-0.24474400281906128
24,8,RElbow,0.33431750535964966,-0.28178325295448303,-0.18162666261196136
24,9,RWrist,0.33027583360671997,0.027743875980377197,-0.1060621589422226
24,10,LHip,-0.17940939962863922,0.04685130715370178,-0.024637240916490555
24,11,LKnee,-0.09632733464241028,0.49735820293426514,0.023875020444393158
24,12,LAnkle,-0.03368901461362839,1.1152898073196411,-0.063448965549469
24,13,RHip,0.11195579171180725,0.03153916075825691,0.1678459644317627
24,14,RKnee,0.09930521249771118,0.48603448271751404,0.22395744919776917
24,15,RAnkle,0.04138924926519394,1.0268733501434326,0.14993950724601746
25,0,Pelvis,0.0,0.0,0.0
25,1,Spine,0.05519653856754303,-0.27730220556259155,-0.058404095470905304
25,2,Thorax,0.04364915192127228,-0.684492826461792,-0.09120097756385803
25,3,Head,0.03871653228998184,-1.0087608098983765,-0.3401400148868561
25,4,LShoulder,-0.04036752134561539,-0.6481027007102966,-0.2845074534416199
25,5,LElbow,0.10365413129329681,-0.35952723026275635,-0.32350364327430725
25,6,LWrist,-0.24945509433746338,-0.026188496500253677,-0.3195773959159851
25,7,RShoulder,0.2000574767589569,-0.6687159538269043,-0.28290629386901855
25,8,RElbow,0.3542753756046295,-0.2739145755767822,-0.20758351683616638
25,9,RWrist,0.31698930263519287,0.062472276389598846,-0.12528245151042938
25,10,LHip,-0.13978365063667297,0.00783840287476778,-0.03365067020058632
25,11,LKnee,-0.053940270096063614,0.5386648774147034,-0.007655233144760132
25,12,LAnkle,-0.017803801223635674,1.1517977714538574,-0.06473131477832794
25,13,RHip,0.06769013404846191,0.05898270010948181,0.15665693581104279
25,14,RKnee,0.11118608713150024,0.4869441092014313,0.20698654651641846
25,15,RAnkle,0.02568937838077545,1.0414354801177979,0.15392839908599854
26,0,Pelvis,0.0,0.0,0.0
26,1,Spine,0.08227883279323578,-0.2729223370552063,-0.06499147415161133
26,2,Thorax,0.05352780595421791,-0.640038013458252,-0.09721836447715759
26,3,Head,0.026392806321382523,-1.0151960849761963,-0.3556303381919861
26,4,LShoulder,0.025252267718315125,-0.6665295362472534,-0.30578672885894775
26,5,LElbow,0.3204733729362488,-0.30277585983276367,-0.2632618844509125
26,6,LWrist,0.05288428068161011,-0.02360597997903824,-0.3154817819595337
26,7,RShoulder,0.18816083669662476,-0.6687077879905701,-0.3169373869895935
26,8,RElbow,0.3093430995941162,-0.28645768761634827,-0.23585093021392822
26,9,RWrist,0.3208245038986206,0.057808175683021545,-0.14876878261566162
26,10,LHip,-0.06894274055957794,-0.021333342418074608,-0.0014925003051757812
26,11,LKnee,0.022246867418289185,0.6290051937103271,-0.04782702401280403
26,12,LAnkle,0.004615180194377899,1.2106796503067017,-0.08495724201202393
26,13,RHip,0.02399664744734764,0.06252114474773407,0.1655489206314087
26,14,RKnee,0.09072616696357727,0.495883047580719,0.18911360204219818
26,15,RAnkle,-0.03838702291250229,1.027541160583496,0.16223667562007904
27,0,Pelvis,0.0,0.0,0.0
27,1,Spine,0.08094937354326248,-0.2776223421096802,-0.06986500322818756
27,2,Thorax,0.02211582288146019,-0.6381058692932129,-0.10671096295118332
27,3,Head,-0.024997208267450333,-1.0327904224395752,-0.35769301652908325
27,4,LShoulder,0.01761230081319809,-0.6753870248794556,-0.3196724057197571
27,5,LElbow,0.30623286962509155,-0.30874842405319214,-0.3199605345726013
27,6,LWrist,0.24662765860557556,-0.02364770695567131,-0.31558436155319214
27,7,RShoulder,0.15151335299015045,-0.6780906915664673,-0.3067259192466736
27,8,RElbow,0.22986003756523132,-0.3397907316684723,-0.20549800992012024
27,9,RWrist,0.2749302387237549,-0.03903983160853386,-0.20307977497577667
27,10,LHip,-0.07757803797721863,-0.02543124556541443,0.0007643923163414001
27,11,LKnee,0.009728297591209412,0.731687068939209,-0.0627085492014885
27,12,LAnkle,0.019806643947958946,1.234931230545044,-0.08488370478153229
27,13,RHip,0.023636309430003166,0.06006283685564995,0.16875389218330383
27,14,RKnee,0.06278583407402039,0.496091365814209,0.2082819789648056
27,15,RAnkle,-0.04170617088675499,1.0033743381500244,0.19460836052894592
28,0,Pelvis,0.0,0.0,0.0
28,1,Spine,0.04409372806549072,-0.3029323220252991,-0.06476648896932602
28,2,Thorax,-0.02250201441347599,-0.7080866098403931,-0.1180216521024704
28,3,Head,-0.05841296911239624,-1.0668691396713257,-0.3617091476917267
28,4,LShoulder,-0.07108992338180542,-0.723366379737854,-0.32670077681541443
28,5,LElbow,0.1756519377231598,-0.40191003680229187,-0.39466872811317444
28,6,LWrist,0.18002307415008545,-0.059157680720090866,-0.411477655172348
28,7,RShoulder,0.12726154923439026,-0.7349817752838135,-0.2903580069541931
28,8,RElbow,0.23723946511745453,-0.39003509283065796,-0.1901436448097229
28,9,RWrist,0.21639865636825562,-0.18577903509140015,-0.19198356568813324
28,10,LHip,-0.10648417472839355,-0.0017293160781264305,-0.0011451616883277893
28,11,LKnee,-0.046759337186813354,0.7931511402130127,-0.06441059708595276
28,12,LAnkle,0.025568591430783272,1.3434019088745117,-0.11109453439712524
28,13,RHip,0.06416833400726318,0.057074956595897675,0.16957926750183105
28,14,RKnee,0.04278620332479477,0.49988996982574463,0.23122349381446838
28,15,RAnkle,-0.02307824417948723,1.0535235404968262,0.2245386838912964
29,0,Pelvis,0.0,0.0,0.0
29,1,Spine,-0.01958165317773819,-0.31357407569885254,-0.046694036573171616
29,2,Thorax,-0.004081815481185913,-0.7722805142402649,-0.11448322236537933
29,3,Head,0.0018231198191642761,-1.140608549118042,-0.34968411922454834
29,4,LShoulder,-0.14806172251701355,-0.7780847549438477,-0.3007330894470215
29,5,LElbow,-0.08872780203819275,-0.4786819517612457,-0.3362007439136505
29,6,LWrist,0.13856981694698334,-0.11201053857803345,-0.2890509366989136
29,7,RShoulder,0.1549358367919922,-0.7890913486480713,-0.2837059199810028
29,8,RElbow,0.32049810886383057,-0.4029722809791565,-0.1766904890537262
29,9,RWrist,0.2593671381473541,-0.17296552658081055,-0.18665599822998047
29,10,LHip,-0.07598377764225006,0.031162142753601074,-0.0079403817653656
29,11,LKnee,-0.018660150468349457,0.6186984777450562,0.0010556206107139587
29,12,LAnkle,0.06960678100585938,1.3756422996520996,-0.11994034796953201
29,13,RHip,0.03328204154968262,0.038189295679330826,0.18861761689186096
29,14,RKnee,0.07029568403959274,0.4627273678779602,0.2736169099807739
29,15,RAnkle,0.04437881335616112,1.112982988357544,0.20305302739143372
