frame,joint,x,y,confidence
0,0,509.5119934082031,792.8049926757812,0.7503266930580139
0,1,527.958984375,811.251953125,0.7759302854537964
0,2,552.5549926757812,995.7218627929688,0.7556857466697693
0,3,540.2569580078125,1167.893798828125,0.7780680656433105
0,4,491.06500244140625,774.3580322265625,0.7247231006622314
0,5,540.2569580078125,946.5299072265625,0.7718820571899414
0,6,552.5549926757812,1167.893798828125,0.81447833776474
0,7,506.4375,672.8995361328125,0.7732850313186646
0,8,540.2569580078125,548.8948364257812,0.7962433695793152
0,9,555.6294555664062,488.4296569824219,0.4037477672100067
0,10,527.958984375,393.1202087402344,0.6783561706542969
0,11,478.76702880859375,552.994140625,0.825086772441864
0,12,392.6810607910156,663.6760864257812,0.759705126285553
0,13,404.97906494140625,737.4640502929688,0.6477934718132019
0,14,577.1509399414062,552.994140625,0.7673999667167664
0,15,638.6409301757812,675.9740600585938,0.6933895349502563
0,16,601.7469482421875,786.656005859375,0.6107295155525208
1,0,512.05322265625,826.6238403320312,0.8185437917709351
1,1,549.5638427734375,826.6238403320312,0.8603071570396423
1,2,549.5638427734375,1001.673583984375,0.8176624178886414
1,3,537.060302734375,1164.2197265625,0.778104841709137
1,4,474.5425720214844,826.6238403320312,0.776780366897583
1,5,537.060302734375,976.6664428710938,0.7313710451126099
1,6,537.060302734375,1164.2197265625,0.8222142457962036
1,7,525.5986328125,689.0847778320312,0.8352875709533691
1,8,545.39599609375,543.2101440429688,0.8520312905311584
1,9,548.0009155273438,495.27978515625,0.5515472292900085
1,10,537.060302734375,426.51019287109375,0.7527358531951904
1,11,474.5425720214844,551.5457763671875,0.8831986784934998
1,12,387.0177001953125,664.0776977539062,0.9133811593055725
1,13,437.03192138671875,751.6025390625,0.8000923991203308
1,14,612.0816040039062,551.5457763671875,0.8208639025688171
1,15,637.0887451171875,676.5812377929688,0.7663878202438354
1,16,424.52838134765625,751.6025390625,0.6353611946105957
2,0,514.5750732421875,832.924560546875,0.8292546272277832
2,1,564.574462890625,826.6746215820312,0.8495975732803345
2,2,577.0743408203125,1001.6724853515625,0.7826723456382751
2,3,539.5747680664062,1189.170166015625,0.8496752977371216
2,4,464.5757141113281,839.1744384765625,0.8089117407798767
2,5,502.07525634765625,1014.1723022460938,0.7600105404853821
2,6,514.5750732421875,1151.670654296875,0.7433597445487976
2,7,532.2832641601562,692.30126953125,0.8918966054916382
2,8,543.7413940429688,539.1781005859375,0.9545385837554932
2,9,541.1372680664062,476.67889404296875,0.43749529123306274
2,10,536.4498291015625,389.179931640625,0.7288334369659424
2,11,477.0755615234375,551.677978515625,0.977087140083313
2,12,377.0767822265625,664.1765747070312,0.9896482825279236
2,13,427.076171875,764.1753540039062,0.9975710511207581
2,14,614.5738525390625,551.677978515625,0.9319900274276733
2,15,639.5735473632812,689.17626953125,0.9112976789474487
2,16,639.5735473632812,801.6749267578125,0.9368926286697388
3,0,517.4632568359375,837.2271728515625,0.7646348476409912
3,1,554.9137573242188,837.2271728515625,0.7889184355735779
3,2,567.397216796875,999.5125122070312,0.6900442838668823
3,3,542.4302368164062,1161.7978515625,0.7843077778816223
3,4,480.0128173828125,837.2271728515625,0.7403513193130493
3,5,529.94677734375,974.5455322265625,0.6628130078315735
3,6,529.94677734375,1186.764892578125,0.8342695832252502
3,7,530.987060546875,690.5462036132812,0.8366634249687195
3,8,550.7525634765625,541.78466796875,0.9086920022964478
3,9,553.3533325195312,483.0082092285156,0.48326408863067627
3,10,533.067626953125,387.82159423828125,0.7331727743148804
3,11,480.0128173828125,537.6234741210938,0.8892452120780945
3,12,380.1448974609375,662.4583740234375,0.9761158227920532
3,13,405.11187744140625,762.3262329101562,0.9045652151107788
3,14,617.3311767578125,550.10693359375,0.9281387329101562
3,15,642.2981567382812,699.9088134765625,0.9319820404052734
3,16,642.2981567382812,799.7767333984375,0.9342142343521118
4,0,515.3333740234375,825.2216186523438,0.7722333669662476
4,1,547.3499755859375,825.2216186523438,0.811709463596344
4,2,572.9632568359375,978.9012451171875,0.6859328746795654
4,3,547.3499755859375,1171.000732421875,0.8182661533355713
4,4,483.3168029785156,825.2216186523438,0.7327572703361511
4,5,508.9300537109375,978.9012451171875,0.6091768741607666
4,6,534.5433349609375,1158.194091796875,0.7897754311561584
4,7,544.1483154296875,684.3486328125,0.8290536999702454
4,8,534.5433349609375,492.24908447265625,0.8858740329742432
4,9,518.5350341796875,437.8208923339844,0.4191727936267853
4,10,534.5433349609375,415.4092712402344,0.7205075025558472
4,11,470.5101623535156,543.4756469726562,0.9082075953483582
4,12,380.86370849609375,658.7353515625,0.8560377359390259
4,13,406.47698974609375,761.1884155273438,0.8094503283500671
4,14,624.1897583007812,543.4756469726562,0.863540530204773
4,15,649.8030395507812,697.1552734375,0.8932555317878723
4,16,649.8030395507812,799.6083374023438,0.9208667278289795
5,0,522.7315063476562,788.385009765625,0.709022045135498
5,1,548.885498046875,808.00048828125,0.7384610772132874
5,2,575.03955078125,964.924560546875,0.6226182579994202
5,3,509.6545104980469,1174.15673828125,0.6620134115219116
5,4,496.5775146484375,768.76953125,0.6795830726623535
5,5,522.7315063476562,964.924560546875,0.5579553246498108
5,6,535.8085327148438,1161.0797119140625,0.7367438673973083
5,7,558.6932373046875,660.8842163085938,0.7338227033615112
5,8,535.8085327148438,498.5113830566406,0.7586233615875244
5,9,511.28912353515625,445.1136169433594,0.38822707533836365
5,10,532.539306640625,402.6133728027344,0.6501006484031677
5,11,470.4234924316406,533.3834228515625,0.7705263495445251
5,12,431.1924743652344,651.076416015625,0.6588914394378662
5,13,405.0384521484375,755.6925048828125,0.7259542942047119
5,14,640.424560546875,533.3834228515625,0.7467204332351685
5,15,653.5015869140625,729.5384521484375,0.881886899471283
5,16,653.5015869140625,794.9235229492188,0.8982013463973999
6,0,524.0653076171875,774.7506713867188,0.8046505451202393
6,1,550.823974609375,794.8196411132812,0.8276694416999817
6,2,577.5826416015625,955.3715209960938,0.5615630745887756
6,3,510.68603515625,1169.440673828125,0.5513127446174622
6,4,497.30670166015625,754.6817016601562,0.781631588935852
6,5,497.30670166015625,968.7508544921875,0.650210976600647
6,6,524.0653686523438,1169.440673828125,0.603544294834137
6,7,544.1343994140625,654.3367919921875,0.7952068448066711
6,8,524.0653686523438,482.635498046875,0.785763144493103
6,9,507.3411865234375,428.5607604980469,0.43567416071891785
6,10,527.41015625,406.8193664550781,0.6692067384719849
6,11,483.9273681640625,527.2332763671875,0.8176666498184204
6,12,443.7894287109375,647.6471557617188,0.7138965725898743
6,13,403.6514587402344,741.3023681640625,0.7036427855491638
6,14,590.9619750976562,540.612548828125,0.7538596987724304
6,15,644.479248046875,674.40576171875,0.8924071192741394
6,16,644.479248046875,794.8196411132812,0.8285967707633972
7,0,524.678466796875,752.79248046875,0.4712563753128052
7,1,565.4275512695312,766.37548828125,0.43999743461608887
7,2,646.9256591796875,956.5377807617188,0.31147536635398865
7,3,511.0954284667969,1173.8662109375,0.2362741380929947
7,4,483.92938232421875,739.2094116210938,0.5025153160095215
7,5,497.5124206542969,970.120849609375,0.25261908769607544
7,6,538.261474609375,1146.7001953125,0.3311234414577484
7,7,568.8232421875,644.1282348632812,0.5305565595626831
7,8,511.0954284667969,485.6596374511719,0.589856743812561
7,9,468.6484680175781,443.77862548828125,0.14935821294784546
7,10,504.30389404296875,440.3828430175781,0.44714123010635376
7,11,443.1802978515625,535.4640502929688,0.6167766451835632
7,12,443.1802978515625,644.1282348632812,0.5044222474098206
7,13,429.5972900390625,739.2094116210938,0.5492669343948364
7,14,646.9256591796875,535.4640502929688,0.5629368424415588
7,15,660.5087280273438,684.8773193359375,0.8115785717964172
7,16,660.5087280273438,807.12451171875,0.8491029143333435
8,0,525.7337646484375,760.3150634765625,0.6654171943664551
8,1,566.9911499023438,780.9437866210938,0.6497725248336792
8,2,649.5059814453125,959.7258911132812,0.44636598229408264
8,3,511.9812927246094,1179.765380859375,0.4046805500984192
8,4,484.4763488769531,739.6863403320312,0.681061863899231
8,5,456.9714050292969,918.4684448242188,0.4539570212364197
8,6,525.7337646484375,1166.012939453125,0.4569384455680847
8,7,570.42919921875,646.8572387695312,0.6963043212890625
8,8,511.98126220703125,496.7261047363281,0.7271914482116699
8,9,469.00482177734375,450.884521484375,0.2962760925292969
8,10,508.5431823730469,423.37957763671875,0.5532082915306091
8,11,443.21893310546875,533.3993530273438,0.8252979516983032
8,12,443.21893310546875,588.4092407226562,0.5306807160377502
8,13,388.2090759277344,698.428955078125,0.4570847153663635
8,14,649.5059814453125,533.3993530273438,0.6290849447250366
8,15,663.2584228515625,670.9240112304688,0.8470051288604736
8,16,649.5059814453125,794.6962280273438,0.8955498337745667
9,0,522.5316162109375,798.1649780273438,0.771163821220398
9,1,565.9320678710938,805.3983764648438,0.7703487873077393
9,2,580.3988647460938,979.000244140625,0.6380742788314819
9,3,536.9984130859375,1196.0025634765625,0.6572860479354858
9,4,479.1311340332031,790.9315795898438,0.7719789147377014
9,5,479.1311340332031,979.000244140625,0.5977159142494202
9,6,536.9984130859375,1181.5357666015625,0.7418718934059143
9,7,564.7264404296875,664.346923828125,0.7606701850891113
9,8,512.8870239257812,516.06201171875,0.7501765489578247
9,9,473.7060852050781,476.2782287597656,0.3587884306907654
9,10,500.83135986328125,429.260986328125,0.6078299283981323
9,11,450.197509765625,530.52880859375,0.8242772817611694
9,12,493.59796142578125,602.8629150390625,0.5088706016540527
9,13,392.3302307128906,790.9315795898438,0.38617467880249023
9,14,638.2661743164062,530.52880859375,0.67607581615448
9,15,667.1998291015625,660.7301635742188,0.8819575905799866
9,16,652.7329711914062,790.9315795898438,0.8690363764762878
10,0,541.478271484375,745.9129638671875,0.7788724303245544
10,1,608.8803100585938,730.9346923828125,0.7477660775184631
10,2,578.923828125,1000.54296875,0.7582404613494873
10,3,533.9891357421875,1210.2384033203125,0.651328980922699
10,4,474.076171875,760.8911743164062,0.8099787831306458
10,5,474.076171875,1000.54296875,0.7739802598953247
10,6,533.9891357421875,1195.2601318359375,0.6859487295150757
10,7,572.6829223632812,641.0653076171875,0.7862541675567627
10,8,499.0399169921875,501.26837158203125,0.7936358451843262
10,9,455.3533630371094,435.1144714355469,0.4328943192958832
10,10,489.05438232421875,371.4569396972656,0.6146234273910522
10,11,429.1414489746094,536.2175903320312,0.958301305770874
10,12,369.2284851074219,611.1087646484375,0.7048559784889221
10,13,369.2284851074219,790.84765625,0.7258967161178589
10,14,638.8367919921875,536.2175903320312,0.6289704442024231
10,15,683.771484375,641.0652465820312,0.9195191264152527
10,16,653.8150634765625,760.8911743164062,0.8884696364402771
11,0,538.9065551757812,799.2169189453125,0.8101305961608887
11,1,608.3259887695312,822.3567504882812,0.7834916114807129
11,2,592.8994140625,1007.4752197265625,0.8463594913482666
11,3,531.1932373046875,1208.020263671875,0.7028488516807556
11,4,469.4870910644531,776.0770874023438,0.8367696404457092
11,5,515.7667236328125,1022.9017944335938,0.8195511102676392
11,6,531.1932373046875,1208.020263671875,0.7562910914421082
11,7,576.1873779296875,671.9479370117188,0.7811793684959412
11,8,536.33544921875,534.3945922851562,0.7522281408309937
11,9,504.1968078613281,463.68963623046875,0.45380574464797974
11,10,484.91363525390625,359.56048583984375,0.6447578072547913
11,11,469.4870910644531,544.678955078125,0.7731830477714539
11,12,407.7809143066406,668.09130859375,0.6369600296020508
11,13,361.50128173828125,806.93017578125,0.750552773475647
11,14,654.6055908203125,544.678955078125,0.7312732934951782
11,15,700.8851928710938,652.664794921875,0.9412758946418762
11,16,654.6055908203125,776.0770874023438,0.8524985909461975
12,0,533.3569946289062,789.4805908203125,0.7871601581573486
12,1,604.0833740234375,789.4805908203125,0.766089677810669
12,2,572.6494140625,1025.2352294921875,0.8186323642730713
12,3,525.4984741210938,1213.8388671875,0.7493793964385986
12,4,462.630615234375,789.4805908203125,0.8082306981086731
12,5,462.630615234375,1056.669189453125,0.9076068997383118
12,6,525.4984741210938,1245.2728271484375,0.7725018262863159
12,7,558.2423095703125,663.7447509765625,0.8018852472305298
12,8,520.259521484375,517.052978515625,0.8166103959083557
12,9,494.0645446777344,455.4948425292969,0.45078596472740173
12,10,497.9937744140625,380.8392639160156,0.6838135719299316
12,11,462.630615234375,538.0089721679688,0.828583836555481
12,12,415.47967529296875,679.4617309570312,0.8298131227493286
12,13,352.6117858886719,805.1975708007812,0.9042936563491821
12,14,619.8003540039062,538.0089721679688,0.8046369552612305
12,15,698.38525390625,663.7447509765625,1.0051755905151367
12,16,651.2343139648438,789.4805908203125,0.9294347763061523
13,0,539.4765014648438,789.04931640625,0.7947216629981995
13,1,603.027099609375,781.1055297851562,0.7244299650192261
13,2,571.2518310546875,1003.53271484375,0.8077536225318909
13,3,507.7012023925781,1225.9598388671875,0.7057743668556213
13,4,475.9258728027344,796.9931640625,0.8650133609771729
13,5,475.9258728027344,1035.3079833984375,0.8896058797836304
13,6,523.5888671875,1257.735107421875,0.7777040004730225
13,7,595.0831298828125,673.8638305664062,0.7762409448623657
13,8,507.701171875,489.83184814453125,0.757760226726532
13,9,448.12249755859375,427.6051940917969,0.4352298676967621
13,10,475.9258728027344,415.6894836425781,0.6367482542991638
13,11,460.0382385253906,558.6783447265625,0.7121205925941467
13,12,412.3752746582031,638.1166381835938,0.736714780330658
13,13,348.82464599609375,796.9931640625,0.8038852214813232
13,14,650.6900634765625,558.6783447265625,0.8033998608589172
13,15,698.35302734375,669.8919677734375,1.0394941568374634
13,16,650.6900634765625,781.1055297851562,0.8806619644165039
14,0,541.4805908203125,795.896728515625,0.6632698774337769
14,1,606.4688720703125,787.773193359375,0.6051225066184998
14,2,573.9747314453125,1015.2321166992188,0.7524478435516357
14,3,492.7393798828125,1226.4439697265625,0.453154057264328
14,4,476.4923095703125,804.020263671875,0.7214173078536987
14,5,508.9864501953125,1031.479248046875,0.7977306842803955
14,6,525.2335205078125,1291.4322509765625,0.5709277391433716
14,7,596.9913330078125,678.10546875,0.6803173422813416
14,8,546.8963012695312,554.8985595703125,0.6973648071289062
14,9,502.893798828125,487.2024841308594,0.4161054193973541
14,10,468.3687744140625,381.5965270996094,0.5729708671569824
14,11,525.2335205078125,560.3142700195312,0.6735062599182129
14,12,638.9630126953125,690.2908325195312,0.6152109503746033
14,13,655.2100830078125,787.773193359375,0.6638930439949036
14,14,638.9630126953125,560.3142700195312,0.7212234139442444
14,15,703.9512329101562,674.0437622070312,0.9529079794883728
14,16,655.2100830078125,787.773193359375,0.8407206535339355
15,0,533.5618286132812,774.8299560546875,0.712814211845398
15,1,607.7750244140625,758.338134765625,0.6356984972953796
15,2,574.7913818359375,1022.207275390625,0.5983614921569824
15,3,492.332275390625,1220.109130859375,0.434857040643692
15,4,459.3486328125,791.32177734375,0.7899299263954163
15,5,475.8404541015625,1055.19091796875,0.7379481196403503
15,6,525.31591796875,1236.6009521484375,0.4370224177837372
15,7,622.8924560546875,667.6331176757812,0.6956859827041626
15,8,530.8131713867188,499.96624755859375,0.6785576939582825
15,9,455.2256774902344,436.74761962890625,0.4171781837940216
15,10,467.59454345703125,412.0098876953125,0.5648136138916016
15,11,525.31591796875,560.436279296875,0.6558172106742859
15,12,409.8731689453125,692.370849609375,0.5998683571815491
15,13,360.397705078125,824.305419921875,0.6355436444282532
15,14,657.25048828125,560.436279296875,0.701298177242279
15,15,706.7259521484375,675.8790283203125,1.0035923719406128
15,16,657.25048828125,791.32177734375,0.8189315795898438
16,0,533.6390991210938,808.0005493164062,0.7544009685516357
16,1,609.2127075195312,808.0005493164062,0.7041329145431519
16,2,575.6244506835938,1059.91259765625,0.630366325378418
16,3,525.2420654296875,1227.8538818359375,0.5220098495483398
16,4,458.06549072265625,808.0005493164062,0.8046690821647644
16,5,458.06549072265625,1076.7066650390625,0.8781902194023132
16,6,491.6537780761719,1328.6187744140625,0.8051066994667053
16,7,560.2296752929688,677.845947265625,0.7577258348464966
16,8,519.6439819335938,539.2943725585938,0.7610506415367126
16,9,491.65374755859375,453.22442626953125,0.44083115458488464
16,10,466.46258544921875,320.9706115722656,0.6729565858840942
16,11,458.06549072265625,556.0885009765625,0.7059411406517029
16,12,407.68310546875,707.2357177734375,0.6444445252418518
16,13,357.3006896972656,824.794677734375,0.8326570987701416
16,14,626.0068359375,539.2943725585938,0.8161601424217224
16,15,709.9775390625,673.6474609375,0.9710670709609985
16,16,659.5950927734375,791.2064208984375,0.8632258176803589
17,0,541.1240234375,805.1854858398438,0.66136234998703
17,1,608.8549194335938,805.1854858398438,0.6173329949378967
17,2,574.989501953125,1025.310791015625,0.6013990044593811
17,3,524.1913452148438,1262.3687744140625,0.3509623408317566
17,4,473.3931884765625,805.1854858398438,0.7053917050361633
17,5,507.25860595703125,1042.2435302734375,0.6417373418807983
17,6,490.3258972167969,1228.50341796875,0.518321692943573
17,7,601.7996826171875,673.9569702148438,0.716026782989502
17,8,518.547119140625,562.4832153320312,0.7706911563873291
17,9,458.5770568847656,485.58050537109375,0.42394158244132996
17,10,464.92681884765625,331.06951904296875,0.6206903457641602
17,11,524.1913452148438,551.1947631835938,0.7428460717201233
17,12,608.8549194335938,686.656494140625,0.637200117111206
17,13,659.653076171875,805.1854858398438,0.5086200833320618
17,14,608.8549194335938,534.2620849609375,0.7985361814498901
17,15,710.4512329101562,652.7910766601562,0.9234873056411743
17,16,659.653076171875,805.1854858398438,0.8645954132080078
18,0,514.635009765625,813.647216796875,0.7560602426528931
18,1,557.2827758789062,813.647216796875,0.7248982191085815
18,2,574.3418579101562,1069.5338134765625,0.6818253993988037
18,3,523.16455078125,1325.4202880859375,0.6212750673294067
18,4,471.98724365234375,813.647216796875,0.7872222661972046
18,5,471.98724365234375,1086.5928955078125,0.8829001784324646
18,6,489.0463562011719,1308.3612060546875,0.8259491920471191
18,7,543.06689453125,672.9096069335938,0.7772199511528015
18,8,511.79180908203125,529.3287963867188,0.79837965965271
18,9,486.9139404296875,436.21453857421875,0.4508315324783325
18,10,467.72247314453125,284.8149719238281,0.710106611251831
18,11,454.9281311035156,540.7015380859375,0.7250814437866211
18,12,403.7508239746094,711.2926025390625,0.6233134269714355
18,13,335.514404296875,813.647216796875,0.7310134172439575
18,14,608.4600830078125,523.6424560546875,0.8716779351234436
18,15,710.814697265625,660.1152954101562,0.9470186233520508
18,16,676.6964721679688,796.588134765625,0.9000065326690674
19,0,511.905029296875,836.0260009765625,0.7991610765457153
19,1,554.8776245117188,827.4314575195312,0.7768852114677429
19,2,572.066650390625,1085.26708984375,0.7312492728233337
19,3,537.6885375976562,1274.3465576171875,0.7882136106491089
19,4,468.9324035644531,844.6204833984375,0.8214370012283325
19,5,451.74334716796875,1068.0780029296875,0.818703293800354
19,6,486.1214294433594,1308.724609375,0.8417118787765503
19,7,527.66162109375,681.3246459960938,0.8220667839050293
19,8,509.0401611328125,518.0287475585938,0.8449724316596985
19,9,494.7159423828125,429.9349060058594,0.461924284696579
19,10,486.1214599609375,294.5711669921875,0.7265076637268066
19,11,434.5543212890625,535.2177734375,0.8012519478797913
19,12,400.1762390136719,724.2972412109375,0.7512186765670776
19,13,331.4200744628906,827.4314575195312,0.8126593232154846
19,14,606.4447021484375,518.0287475585938,0.8886929154396057
19,15,692.3899536132812,638.3519897460938,0.9138941168785095
19,16,692.3899536132812,793.0534057617188,0.9132376313209534
20,0,499.6952819824219,830.0755615234375,0.6753743886947632
20,1,551.9235229492188,821.370849609375,0.6598722338676453
20,2,569.3329467773438,1030.2838134765625,0.5700886249542236
20,3,534.5140991210938,1274.015625,0.8031833171844482
20,4,447.467041015625,838.7802734375,0.6908765435218811
20,5,464.87646484375,1012.8744506835938,0.7237981557846069
20,6,517.1046752929688,1291.425048828125,0.7255180478096008
20,7,525.8094482421875,673.390869140625,0.7527055740356445
20,8,499.6953125,432.56060791015625,0.8300367593765259
20,9,477.93353271484375,353.4928283691406,0.4464107155799866
20,10,482.285888671875,333.9071960449219,0.7032111883163452
20,11,430.0576171875,525.4108276367188,0.8189217448234558
20,12,395.2388000488281,699.5049438476562,0.765809178352356
20,13,395.2388000488281,838.7802734375,0.727512001991272
20,14,604.1517944335938,508.0013732910156,0.8411518335342407
20,15,708.6082763671875,647.2767333984375,0.9035659432411194
20,16,691.1988525390625,803.96142578125,0.9206513166427612
21,0,495.6124267578125,807.474853515625,0.7213828563690186
21,1,548.7277221679688,816.327392578125,0.7198209166526794
21,2,584.137939453125,1064.19873046875,0.6990665793418884
21,3,531.0226440429688,1294.3648681640625,0.7896848320960999
21,4,442.4971618652344,798.6222534179688,0.7229447960853577
21,5,460.2022705078125,1064.19873046875,0.7769489884376526
21,6,477.9073486328125,1312.0699462890625,0.7596880793571472
21,7,528.0718994140625,656.9815063476562,0.7622597217559814
21,8,489.71075439453125,420.9136047363281,0.8031365275382996
21,9,460.2022705078125,340.50299072265625,0.45566052198410034
21,10,477.9073486328125,320.58477783203125,0.7070107460021973
21,11,424.7920837402344,515.3407592773438,0.7284032702445984
21,12,637.253173828125,656.9815063476562,0.542337954044342
21,13,654.9583129882812,834.032470703125,0.5988162755966187
21,14,601.843017578125,497.63568115234375,0.8778697848320007
21,15,690.3684692382812,656.9815063476562,0.8740073442459106
21,16,690.3684692382812,816.327392578125,0.9099318385124207
22,0,502.010009765625,861.353515625,0.7160512208938599
22,1,546.9436645507812,852.3667602539062,0.7029571533203125
22,2,582.8905639648438,1086.021728515625,0.757219135761261
22,3,546.9436645507812,1337.6500244140625,0.8122025728225708
22,4,457.07635498046875,870.3402099609375,0.7291452884674072
22,5,457.07635498046875,1086.021728515625,0.8303592205047607
22,6,493.0232849121094,1337.6500244140625,0.8744438886642456
22,7,539.4547119140625,681.618896484375,0.7758970260620117
22,8,505.0055847167969,480.9153137207031,0.8357428312301636
22,9,475.0498046875,387.3035583496094,0.3104499578475952
22,10,479.5431823730469,259.2426452636719,0.6676194667816162
22,11,421.12945556640625,510.8710632324219,0.825587272644043
22,12,385.18255615234375,708.5791015625,0.7372718453407288
22,13,385.18255615234375,816.4197998046875,0.6889203190803528
22,14,636.8109130859375,492.8976135253906,0.8458983898162842
22,15,672.7578735351562,708.5791015625,0.8997802138328552
22,16,672.7578735351562,834.3932495117188,0.9277294874191284
23,0,508.5611572265625,833.0326538085938,0.6544122099876404
23,1,527.0634765625,860.7861328125,0.6428124904632568
23,2,564.068115234375,1101.316162109375,0.7746552228927612
23,3,545.5657958984375,1360.3486328125,0.9057404398918152
23,4,490.058837890625,805.2791748046875,0.6660119295120239
23,5,471.5565185546875,1101.316162109375,0.7927146553993225
23,6,508.5611572265625,1360.3486328125,0.8488291501998901
23,7,559.442626953125,661.88623046875,0.701683521270752
23,8,527.0634765625,478.40496826171875,0.7489548921585083
23,9,492.37164306640625,421.3561706542969,0.5706426501274109
23,10,499.30999755859375,342.7213134765625,0.6985762119293213
23,11,508.5611572265625,490.7398376464844,0.7215070724487305
23,12,656.5796508789062,657.2606811523438,0.8943865299224854
23,13,712.0866088867188,805.2791748046875,0.8031476736068726
23,14,601.07275390625,490.7398376464844,0.7764027714729309
23,15,675.0819702148438,675.7630004882812,0.8031350374221802
23,16,693.5842895507812,823.781494140625,0.7910231947898865
24,0,518.275390625,868.51025390625,0.8637837767601013
24,1,604.8573608398438,868.51025390625,0.834766149520874
24,2,585.616943359375,1099.3953857421875,0.8037608861923218
24,3,547.1361083984375,1368.761474609375,0.8886256217956543
24,4,431.6934814453125,868.51025390625,0.8928014039993286
24,5,470.1743469238281,1118.6358642578125,0.8033769726753235
24,6,508.65521240234375,1368.761474609375,0.8631656169891357
24,7,529.4989624023438,685.7261352539062,0.8725374937057495
24,8,521.482177734375,496.5285339355469,0.8812911510467529
24,9,513.46533203125,387.4994201660156,0.45507630705833435
24,10,503.8451232910156,214.33551025390625,0.7502395510673523
24,11,412.45306396484375,502.9420166015625,0.870468258857727
24,12,354.73175048828125,695.3463134765625,0.8885802030563354
24,13,354.73175048828125,830.0293579101562,0.9177800416946411
24,14,643.3382568359375,502.9420166015625,0.8921141028404236
24,15,681.819091796875,695.3463134765625,0.9702519178390503
24,16,681.819091796875,868.51025390625,0.92817223072052
25,0,511.1843566894531,861.4868774414062,0.4940800070762634
25,1,530.7230834960938,900.5643310546875,0.5126528739929199
25,2,589.3392944335938,1135.0291748046875,0.5784674286842346
25,3,550.2618408203125,1408.5714111328125,0.5716181397438049
25,4,491.6456298828125,822.409423828125,0.47550711035728455
25,5,569.8005981445312,1154.56787109375,0.5745130181312561
25,6,511.18438720703125,1369.4940185546875,0.5943185687065125
25,7,545.377197265625,690.52294921875,0.5334248542785645
25,8,550.2618408203125,483.7380065917969,0.5727697610855103
25,9,538.0501098632812,424.30767822265625,0.3414425849914551
25,10,520.9537353515625,373.0184631347656,0.49372220039367676
25,11,511.18438720703125,529.328369140625,0.5954642295837402
25,12,589.3392944335938,685.6382446289062,0.5217750072479248
25,13,667.4942626953125,841.9481201171875,0.311731219291687
25,14,608.8780517578125,509.7896423339844,0.5500752925872803
25,15,687.0330200195312,705.177001953125,0.634593665599823
25,16,667.4942626953125,900.5643310546875,0.5716043710708618
26,0,503.9649963378906,868.1207275390625,0.45960432291030884
26,1,533.7656860351562,897.92138671875,0.4511934816837311
26,2,573.4999389648438,1136.3270263671875,0.5076590776443481
26,3,474.164306640625,1374.7325439453125,0.5201895833015442
26,4,474.164306640625,838.3200073242188,0.4680151641368866
26,5,553.6328125,1136.3270263671875,0.6368652582168579
26,6,533.7656860351562,1394.599609375,0.5490803122520447
26,7,571.8444213867188,699.2501220703125,0.5168407559394836
26,8,540.3880615234375,533.690673828125,0.5740771889686584
26,9,498.99822998046875,463.32794189453125,0.40536949038505554
26,10,508.9317626953125,341.64178466796875,0.5209463834762573
26,11,553.6328125,520.4459228515625,0.605587899684906
26,12,672.8356323242188,699.2501220703125,0.6879741549491882
26,13,732.43701171875,838.3200073242188,0.42818683385849
26,14,593.3670654296875,540.3130493164062,0.5425664782524109
26,15,633.101318359375,699.2501220703125,0.6366443037986755
26,16,732.43701171875,897.92138671875,0.40209776163101196
27,0,554.8809204101562,867.7691040039062,0.41173499822616577
27,1,554.8809204101562,908.4098510742188,0.39333590865135193
27,2,595.5216674804688,1172.5745849609375,0.5536206364631653
27,3,554.8809204101562,1375.7783203125,0.2222590148448944
27,4,554.8809204101562,827.1283569335938,0.4301340579986572
27,5,575.2012939453125,1172.5745849609375,0.5146148800849915
27,6,595.5216674804688,1477.380126953125,0.28389105200767517
27,7,598.9083862304688,695.0459594726562,0.4686293303966522
27,8,541.333984375,542.6431884765625,0.5255236625671387
27,9,498.9998779296875,476.60198974609375,0.36594158411026
27,10,519.3203125,339.439453125,0.4206407368183136
27,11,554.8809204101562,522.3228149414062,0.5584503412246704
27,12,656.4827880859375,705.2061157226562,0.5220772624015808
27,13,676.8031616210938,908.4098510742188,0.2440575361251831
27,14,595.5216674804688,522.3228149414062,0.49259695410728455
27,15,615.842041015625,705.2061157226562,0.5702226161956787
27,16,351.6772155761719,766.167236328125,0.299935519695282
28,0,566.4701538085938,898.85986328125,0.5920853614807129
28,1,618.8536376953125,919.8132934570312,0.5371105074882507
28,2,597.9002685546875,1171.2540283203125,0.6494207382202148
28,3,597.9002685546875,1506.5084228515625,0.6524906158447266
28,4,514.086669921875,877.906494140625,0.647060215473175
28,5,555.9934692382812,1192.2073974609375,0.6279617547988892
28,6,597.9002685546875,1527.4617919921875,0.617599368095398
28,7,576.9468383789062,710.279296875,0.6410050392150879
28,8,555.9934692382812,486.7763977050781,0.6899246573448181
28,9,542.8975830078125,427.408447265625,0.41493597626686096
28,10,524.5633544921875,375.0249328613281,0.5522072315216064
28,11,514.086669921875,521.69873046875,0.7067456841468811
28,12,597.9002685546875,710.279296875,0.6167538166046143
28,13,597.9002685546875,856.9530639648438,0.34423336386680603
28,14,618.8536376953125,521.69873046875,0.6731036305427551
28,15,681.7138671875,710.279296875,0.7355328798294067
28,16,639.8070678710938,773.1395263671875,0.5208843350410461
29,0,525.6212158203125,965.106201171875,0.7648513317108154
29,1,536.4242553710938,954.3031005859375,0.7022690176963806
29,2,579.6365966796875,1127.1524658203125,0.5821418762207031
29,3,601.2427978515625,1537.6697998046875,0.6102584004402161
29,4,514.818115234375,975.9092407226562,0.8274335861206055
29,5,536.4242553710938,1191.970947265625,0.7301322817802429
29,6,601.2427978515625,1559.27587890625,0.8221362233161926
29,7,505.81549072265625,743.6429443359375,0.7847238183021545
29,8,529.2222290039062,522.1796264648438,0.8045963048934937
29,9,547.2273559570312,457.3611145019531,0.6082524657249451
29,10,541.8258056640625,349.33026123046875,0.7386903166770935
29,11,428.3934020996094,522.1796264648438,0.8185098171234131
29,12,363.57489013671875,716.6351928710938,0.6755219101905823
29,13,601.2427978515625,889.4845581054688,0.5582184791564941
29,14,601.2427978515625,522.1796264648438,0.7906827926635742
29,15,687.66748046875,716.6351928710938,0.869427502155304
29,16,687.66748046875,867.87841796875,0.7390145659446716
